{"cameraMode":{"drawMode":0,"name":"Shaded","section":"Shading Mode"},"sceneLighting":false,"audioPlay":false,"sceneViewState":{"m_AlwaysRefresh":false,"showFog":true,"showSkybox":false,"showFlares":true,"showImageEffects":true,"showParticleSystems":true,"showVisualEffectGraphs":true,"m_FxEnabled":true},"in2DMode":false,"pivot":{"x":-17.710546493530275,"y":56.68292999267578,"z":4.309516906738281},"rotation":{"x":-0.027290521189570428,"y":-0.033883556723594668,"z":0.0009260273654945195,"w":-0.9990547895431519},"size":101.97782897949219,"orthographic":false}